{
  "num_folds": 5,
  "per_fold_best_val_acc": [
    60.81081,
    66.66667,
    64.47368,
    63.63636,
    56.94444
  ],
  "mean": 62.5064,
  "std": 3.7505
}