{
  "num_folds": 5,
  "per_fold_best_val_acc": [
    70.27027,
    76.38889,
    75.0,
    80.30303,
    70.83333
  ],
  "mean": 74.5591,
  "std": 4.1476
}