{
  "num_folds": 5,
  "per_fold_best_val_acc": [
    70.27027,
    76.38889,
    75.0,
    83.33333,
    70.83333
  ],
  "mean": 75.1652,
  "std": 5.2671
}