{
  "num_folds": 5,
  "per_fold_best_val_acc": [
    60.81081,
    69.44444,
    64.47368,
    63.63636,
    58.33333
  ],
  "mean": 63.3397,
  "std": 4.1863
}