{
  "num_folds": 5,
  "per_fold_best_val_acc": [
    79.16667,
    70.83333,
    66.66667,
    83.33333,
    66.66667
  ],
  "mean": 73.3333,
  "std": 7.5691
}