{
  "num_folds": 5,
  "per_fold_best_val_acc": [
    100.0,
    95.83333,
    87.5,
    66.66667,
    95.83333
  ],
  "mean": 89.1667,
  "std": 13.3723
}