{
  "num_folds": 5,
  "per_fold_best_val_acc": [
    100.0,
    95.83333,
    95.83333,
    95.83333,
    100.0
  ],
  "mean": 97.5,
  "std": 2.2822
}